{
	"carName": "audi_r8_lms_evo_ii",
	"basicSetup":
	{
		"tyres":
		{
			"tyreCompound": 0,
			"tyrePressure": [ 45, 57, 37, 50 ]
		},
		"alignment":
		{
			"camber": [ 4, 4, 0, 0 ],
			"toe": [ 30, 30, 48, 48 ],
			"staticCamber": [ -3.7566189765930176, -3.7445456981658936, -3.3821206092834473, -3.3684093952178955 ],
			"toeOutLinear": [ 0.00037504476495087147, 0.00037504217470996082, 0.00028441383619792759, 0.00028441281756386161 ],
			"casterLF": 23,
			"casterRF": 23,
			"steerRatio": 3
		},
		"electronics":
		{
			"tC1": 3,
			"tC2": 0,
			"abs": 3,
			"eCUMap": 0,
			"fuelMix": 0,
			"telemetryLaps": 6
		},
		"strategy":
		{
			"fuel": 48,
			"nPitStops": 0,
			"tyreSet": 4,
			"frontBrakePadCompound": 1,
			"rearBrakePadCompound": 0,
			"pitStrategy": [
				{
					"fuelToAdd": 0,
					"tyres":
					{
						"tyreCompound": 0,
						"tyrePressure": [ 50, 61, 41, 52 ]
					},
					"tyreSet": 2,
					"frontBrakePadCompound": 1,
					"rearBrakePadCompound": 0
				}
			],
			"fuelPerLap": 2.7291736602783203
		}
	},
	"advancedSetup":
	{
		"mechanicalBalance":
		{
			"aRBFront": 4,
			"aRBRear": 4,
			"wheelRate": [ 2, 2, 1, 1 ],
			"bumpStopRateUp": [ 2, 2, 5, 5 ],
			"bumpStopRateDn": [ 0, 0, 10, 10 ],
			"bumpStopWindow": [ 12, 12, 35, 35 ],
			"brakeTorque": 20,
			"brakeBias": 30
		},
		"dampers":
		{
			"bumpSlow": [ 10, 10, 10, 10 ],
			"bumpFast": [ 26, 26, 35, 35 ],
			"reboundSlow": [ 14, 14, 29, 29 ],
			"reboundFast": [ 24, 24, 30, 30 ]
		},
		"aeroBalance":
		{
			"rideHeight": [ 0, 6, 11, 18 ],
			"rodLength": [ 26.123966217041016, 26.123966217041016, 15.120676040649414, 15.120676040649414 ],
			"splitter": 0,
			"rearWing": 5,
			"brakeDuct": [ 3, 5 ]
		},
		"drivetrain":
		{
			"preload": 6
		}
	},
	"trackBopType": 35
}